critical,reduction
37.081405,37.052693
18.930654,18.612546
12.829259,12.508457
9.631293,9.394405
7.236678,7.412157
6.046395,6.106996
5.380473,5.220672
4.851779,4.796434
4.692750,4.920909
